[{"schemeId":10,"schemeName":"Cards","adapterType":"planview","group":null,"active":true,"adapterMetadataList":[{"metadataId":20,"metadataKey":"entityType","metadataValue":"card"}],"requestHeaders":[],"restTemplates":{"CREATE_RECORD":{"templateId":19,"operation":"CREATE_RECORD","httpVerb":"POST","restUrl":"/io/card","specifications":{"Response":{"specId":35,"type":"Response","adapterType":null,"specType":"JOLT","status":"Active","specification":"[\n  {\n    \"operation\": \"shift\",\n    \"spec\": {\n      \"id\": \"id\"\n    }\n  },\n  {\n    \"operation\": \"modify-default-beta\",\n    \"spec\": {\n      \"fields\": {\n        \"id\": \"@(2,id)\"\n      }\n    }\n  }\n]\n","samplePayload":"{\n  \"id\": \"1552793968\"\n}","statusCode":2,"contentAvailable":true},"Request":{"specId":36,"type":"Request","adapterType":null,"specType":"JOLT","status":"Active","specification":"[\n  {\n    \"operation\": \"shift\",\n    \"spec\": {\n      \"fields\": {\n        \"*\": \"&\"\n      }\n    }\n  }\n]\n","samplePayload":"{\n  \"fields\": {\n    \"title\": \"Test for API creation 2\",\n    \"type\": \"1551614581\",\n    \"boardId\": \"1551614578\"\n  }\n}","statusCode":2,"contentAvailable":true}}},"QUERY_MODIFIED_RECORDS":{"templateId":21,"operation":"QUERY_MODIFIED_RECORDS","httpVerb":"GET","restUrl":"/io/card?select=cards&type=${type}&since=${last-modified-time}","specifications":{"Response":{"specId":39,"type":"Response","adapterType":null,"specType":"JOLT","status":"Active","specification":"[\n  {\n    \"operation\": \"shift\",\n    \"spec\": {\n      \"cards\": {\n        \"*\": {\n          \"id\": \"result.[&1].id\",\n          \"board\": {\n            \"id\": \"result.[&2].fields.&1\"\n          },\n          \"lane\": {\n            \"id\": \"result.[&2].fields.&1\"\n          },\n          \"updatedBy\": {\n            \"id\": \"fields.&1\"\n          },\n          \"createdBy\": {\n            \"emailAddress\": \"fields.&1\"\n          },\n          \"type\": {\n            \"id\": \"result.[&2].fields.&1\"\n          },\n          \"blockedStatus\": {\n            \"isBlocked\": \"result.[&2].fields.&\",\n            \"reason\": \"result.[&2].fields.blocked-&\",\n            \"date\": \"result.[&2].fields.blocked-&\"\n          },\n          \"*\": \"result.[&1].fields.&\"\n        }\n      }\n    }\n  }, {\n    \"operation\": \"modify-overwrite-beta\",\n    \"spec\": {\n      \"result\": {\n        \"*\": {\n          \"id\": \"=toString\"\n        }\n      },\n      \"totalrecords\": \"=size(@(1,result))\"\n    }\n},\n  {\n    \"operation\": \"default\",\n    \"spec\": {\n      \"totalrecords\": 0,\n      \"result\": []\n    }\n },\n  {\n    \"operation\": \"modify-default-beta\",\n    \"spec\": {\n      \"result\": {\n        \"*\": {\n          \"fields?\": {\n            \"id\": \"@(2,id)\"\n          }\n        }\n      }\n    }\n }\n]\n","samplePayload":"{\n  \"cards\": [\n    {\n      \"assignedUsers\": [],\n      \"id\": \"1551671217\",\n      \"index\": 1,\n      \"version\": \"2\",\n      \"title\": \"Postman API card\",\n      \"description\": null,\n      \"priority\": \"normal\",\n      \"size\": 0,\n      \"plannedStart\": null,\n      \"plannedFinish\": null,\n      \"actualFinish\": null,\n      \"actualStart\": null,\n      \"createdOn\": \"2021-04-02T23:23:10Z\",\n      \"archivedOn\": null,\n      \"updatedOn\": \"2021-04-02T23:39:36Z\",\n      \"movedOn\": \"2021-04-02T23:23:10Z\",\n      \"tags\": [],\n      \"containingCardId\": null,\n      \"color\": \"#FFFFFF\",\n      \"iconPath\": null,\n      \"customIconLabel\": \"Class of Service\",\n      \"customIcon\": null,\n      \"blockedStatus\": {\n        \"isBlocked\": false,\n        \"reason\": null,\n        \"date\": null\n      },\n      \"board\": {\n        \"id\": \"1551614578\",\n        \"title\": \"Welcome To LeanKit\",\n        \"version\": \"40\",\n        \"isArchived\": false\n      },\n      \"customId\": {\n        \"value\": null,\n        \"prefix\": null,\n        \"url\": null\n      },\n      \"externalLinks\": [],\n      \"lane\": {\n        \"cardLimit\": 0,\n        \"description\": null,\n        \"id\": \"1551614593\",\n        \"index\": 0,\n        \"laneClassType\": \"backlog\",\n        \"laneType\": \"ready\",\n        \"orientation\": \"vertical\",\n        \"title\": \"New Requests\",\n        \"taskBoard\": null\n      },\n      \"type\": {\n        \"id\": \"1551614582\",\n        \"title\": \"LeanKit Information\",\n        \"cardColor\": \"#FFFFFF\"\n      },\n      \"taskBoardStats\": {\n        \"totalCount\": 3,\n        \"completedCount\": 0,\n        \"totalSize\": 3,\n        \"completedSize\": 0\n      }\n    },\n    {\n      \"assignedUsers\": [],\n      \"id\": \"1551614613\",\n      \"index\": 4,\n      \"version\": \"6\",\n      \"title\": \"Build a new App\",\n      \"description\": null,\n      \"priority\": \"normal\",\n      \"size\": 0,\n      \"plannedStart\": null,\n      \"plannedFinish\": null,\n      \"actualFinish\": \"2021-04-02T22:57:20Z\",\n      \"actualStart\": \"2021-04-02T22:56:47Z\",\n      \"createdOn\": \"2021-04-02T22:48:31Z\",\n      \"archivedOn\": null,\n      \"updatedOn\": \"2021-04-02T22:57:20Z\",\n      \"movedOn\": \"2021-04-02T22:57:20Z\",\n      \"tags\": [],\n      \"containingCardId\": null,\n      \"color\": \"#93E0E6\",\n      \"iconPath\": null,\n      \"customIconLabel\": \"Class of Service\",\n      \"customIcon\": null,\n      \"blockedStatus\": {\n        \"isBlocked\": false,\n        \"reason\": null,\n        \"date\": null\n      },\n      \"board\": {\n        \"id\": \"1551614578\",\n        \"title\": \"Welcome To LeanKit\",\n        \"version\": \"40\",\n        \"isArchived\": false\n      },\n      \"customId\": {\n        \"value\": null,\n        \"prefix\": null,\n        \"url\": null\n      },\n      \"externalLinks\": [],\n      \"lane\": {\n        \"cardLimit\": 0,\n        \"description\": null,\n        \"id\": \"1551614612\",\n        \"index\": 3,\n        \"laneClassType\": \"active\",\n        \"laneType\": \"completed\",\n        \"orientation\": \"vertical\",\n        \"title\": \"Recently Finished\",\n        \"taskBoard\": null\n      },\n      \"type\": {\n        \"id\": \"1551614580\",\n        \"title\": \"New Feature\",\n        \"cardColor\": \"#93E0E6\"\n      },\n      \"taskBoardStats\": null\n    },\n    {\n      \"assignedUsers\": [],\n      \"id\": \"1551614616\",\n      \"index\": 0,\n      \"version\": \"3\",\n      \"title\": \"This is where new cards are created by default\",\n      \"description\": \"<p>This card has been created in LeanKit's <strong>Defaiult Drop Lane</strong>. This lane has a special icon, telling users that this is where new cards go by default. </p>\\n<p>Cards moved from other LeanKit <strong>boards</strong> will appear here, as well as cards created via email. </p>\\n<p>Go ahead and try creating a card via email now! Just hover over the <strong>Default Drop Lane</strong> icon with your cursor and send an email to the address that appears.</p>\",\n      \"priority\": \"normal\",\n      \"size\": 0,\n      \"plannedStart\": null,\n      \"plannedFinish\": null,\n      \"actualFinish\": null,\n      \"actualStart\": null,\n      \"createdOn\": \"2021-04-02T22:48:31Z\",\n      \"archivedOn\": null,\n      \"updatedOn\": \"2021-04-02T22:57:09Z\",\n      \"movedOn\": \"2021-04-02T22:57:09Z\",\n      \"tags\": [],\n      \"containingCardId\": null,\n      \"color\": \"#FFFFFF\",\n      \"iconPath\": null,\n      \"customIconLabel\": \"Class of Service\",\n      \"customIcon\": null,\n      \"blockedStatus\": {\n        \"isBlocked\": false,\n        \"reason\": null,\n        \"date\": null\n      },\n      \"board\": {\n        \"id\": \"1551614578\",\n        \"title\": \"Welcome To LeanKit\",\n        \"version\": \"40\",\n        \"isArchived\": false\n      },\n      \"customId\": {\n        \"value\": \"Click for more info\",\n        \"prefix\": null,\n        \"url\": null\n      },\n      \"externalLinks\": [],\n      \"lane\": {\n        \"cardLimit\": 0,\n        \"description\": null,\n        \"id\": \"1551614593\",\n        \"index\": 0,\n        \"laneClassType\": \"backlog\",\n        \"laneType\": \"ready\",\n        \"orientation\": \"vertical\",\n        \"title\": \"New Requests\",\n        \"taskBoard\": null\n      },\n      \"type\": {\n        \"id\": \"1551614582\",\n        \"title\": \"LeanKit Information\",\n        \"cardColor\": \"#FFFFFF\"\n      },\n      \"taskBoardStats\": null\n    },\n    {\n      \"assignedUsers\": [\n        {\n          \"id\": \"1551294979\",\n          \"fullName\": \"Sharath Bhaskara\",\n          \"emailAddress\": \"sbhaskara@connectall.com\",\n          \"avatar\": \"https://sbhaskara-ca.leankit.com/avatar/Show/1551294979?s=25\"\n        }\n      ],\n      \"id\": \"1551614615\",\n      \"index\": 0,\n      \"version\": \"14\",\n      \"title\": \"Update our logo.\",\n      \"description\": \"<p>This card is green. That's not because it's feeling squeamish.</p>\\n<p>That means that it's an \\\"improvement\\\" card. Click the <strong>Card Type</strong> drop-down menu to see what other types of cards are on this board. </p>\\n<p>You can add, change or remove <strong>Card Types. </strong><a href=\\\"https://success.planview.com/Planview_LeanKit/Cards/Card_Details/Configure_Card_Types\\\">Click here to learn more</a><strong><br /></strong></p>\",\n      \"priority\": \"critical\",\n      \"size\": 9,\n      \"plannedStart\": \"2021-04-02\",\n      \"plannedFinish\": \"2021-04-03\",\n      \"actualFinish\": null,\n      \"actualStart\": \"2021-04-02T22:56:40Z\",\n      \"createdOn\": \"2021-04-02T22:48:31Z\",\n      \"archivedOn\": null,\n      \"updatedOn\": \"2021-04-02T22:57:00Z\",\n      \"movedOn\": \"2021-04-02T22:57:00Z\",\n      \"tags\": [\n        \"CA\",\n        \"TEST\",\n        \"DEMO\"\n      ],\n      \"containingCardId\": null,\n      \"color\": \"#D6FA98\",\n      \"iconPath\": null,\n      \"customIconLabel\": \"Class of Service\",\n      \"customIcon\": null,\n      \"blockedStatus\": {\n        \"isBlocked\": true,\n        \"reason\": \"Blocked\",\n        \"date\": \"2021-04-02T22:53:22Z\"\n      },\n      \"board\": {\n        \"id\": \"1551614578\",\n        \"title\": \"Welcome To LeanKit\",\n        \"version\": \"40\",\n        \"isArchived\": false\n      },\n      \"customId\": {\n        \"value\": \"Update ConnectALL LOGO\",\n        \"prefix\": null,\n        \"url\": null\n      },\n      \"externalLinks\": [\n        {\n          \"label\": \"\",\n          \"url\": \"http://google.com?q=sharath+bhaskara\"\n        }\n      ],\n      \"lane\": {\n        \"cardLimit\": 0,\n        \"description\": null,\n        \"id\": \"1551614610\",\n        \"index\": 0,\n        \"laneClassType\": \"active\",\n        \"laneType\": \"untyped\",\n        \"orientation\": \"vertical\",\n        \"title\": \"Ready to Start\",\n        \"taskBoard\": null\n      },\n      \"type\": {\n        \"id\": \"1551614581\",\n        \"title\": \"Improvement\",\n        \"cardColor\": \"#D6FA98\"\n      },\n      \"taskBoardStats\": {\n        \"totalCount\": 3,\n        \"completedCount\": 1,\n        \"totalSize\": 3,\n        \"completedSize\": 1\n      }\n    },\n    {\n      \"assignedUsers\": [],\n      \"id\": \"1551669572\",\n      \"index\": 1,\n      \"version\": \"3\",\n      \"title\": \"Come up with a schedule for App rollout\",\n      \"description\": \"<p>We need to schedule this card!</p>\\n<p>Use the dates right on this card by selecting a <strong>Planned Start</strong> and <strong>Planned Finish</strong> date. </p>\",\n      \"priority\": \"normal\",\n      \"size\": 0,\n      \"plannedStart\": null,\n      \"plannedFinish\": null,\n      \"actualFinish\": null,\n      \"actualStart\": \"2021-04-02T22:48:31Z\",\n      \"createdOn\": \"2021-04-02T22:48:31Z\",\n      \"archivedOn\": null,\n      \"updatedOn\": \"2021-04-02T22:56:59Z\",\n      \"movedOn\": \"2021-04-02T22:56:59Z\",\n      \"tags\": [],\n      \"containingCardId\": null,\n      \"color\": \"#FDD29A\",\n      \"iconPath\": null,\n      \"customIconLabel\": \"Class of Service\",\n      \"customIcon\": null,\n      \"blockedStatus\": {\n        \"isBlocked\": false,\n        \"reason\": null,\n        \"date\": null\n      },\n      \"board\": {\n        \"id\": \"1551614578\",\n        \"title\": \"Welcome To LeanKit\",\n        \"version\": \"40\",\n        \"isArchived\": false\n      },\n      \"customId\": {\n        \"value\": \"Schedule me!\",\n        \"prefix\": null,\n        \"url\": null\n      },\n      \"externalLinks\": [],\n      \"lane\": {\n        \"cardLimit\": 0,\n        \"description\": null,\n        \"id\": \"1551614610\",\n        \"index\": 0,\n        \"laneClassType\": \"active\",\n        \"laneType\": \"untyped\",\n        \"orientation\": \"vertical\",\n        \"title\": \"Ready to Start\",\n        \"taskBoard\": null\n      },\n      \"type\": {\n        \"id\": \"1551614586\",\n        \"title\": \"Risk / Issue\",\n        \"cardColor\": \"#FDD29A\"\n      },\n      \"taskBoardStats\": null\n    },\n    {\n      \"assignedUsers\": [],\n      \"id\": \"1551614614\",\n      \"index\": 3,\n      \"version\": \"6\",\n      \"title\": \"Build a new Website\",\n      \"description\": \"<p>You can assign users to a card. </p>\\n<p>To do this, click the <strong>Assigned Users</strong> link on the left navigation menu. </p>\\n<p>If you haven't already done so, <a href=\\\"https://success.planview.com/Planview_LeanKit/Account/User_Administration/Create_or_Add_a_User\\\">add a few more users.</a></p>\",\n      \"priority\": \"normal\",\n      \"size\": 0,\n      \"plannedStart\": null,\n      \"plannedFinish\": null,\n      \"actualFinish\": null,\n      \"actualStart\": \"2021-04-02T22:56:49Z\",\n      \"createdOn\": \"2021-04-02T22:48:31Z\",\n      \"archivedOn\": null,\n      \"updatedOn\": \"2021-04-02T22:56:49Z\",\n      \"movedOn\": \"2021-04-02T22:56:49Z\",\n      \"tags\": [],\n      \"containingCardId\": null,\n      \"color\": \"#93E0E6\",\n      \"iconPath\": null,\n      \"customIconLabel\": \"Class of Service\",\n      \"customIcon\": null,\n      \"blockedStatus\": {\n        \"isBlocked\": false,\n        \"reason\": null,\n        \"date\": null\n      },\n      \"board\": {\n        \"id\": \"1551614578\",\n        \"title\": \"Welcome To LeanKit\",\n        \"version\": \"40\",\n        \"isArchived\": false\n      },\n      \"customId\": {\n        \"value\": \"Assign a User!\",\n        \"prefix\": null,\n        \"url\": null\n      },\n      \"externalLinks\": [],\n      \"lane\": {\n        \"cardLimit\": 0,\n        \"description\": null,\n        \"id\": \"1551614609\",\n        \"index\": 1,\n        \"laneClassType\": \"active\",\n        \"laneType\": \"untyped\",\n        \"orientation\": \"vertical\",\n        \"title\": \"In Progress\",\n        \"taskBoard\": null\n      },\n      \"type\": {\n        \"id\": \"1551614580\",\n        \"title\": \"New Feature\",\n        \"cardColor\": \"#93E0E6\"\n      },\n      \"taskBoardStats\": null\n    },\n    {\n      \"assignedUsers\": [],\n      \"id\": \"1551669880\",\n      \"index\": 2,\n      \"version\": \"6\",\n      \"title\": \"Cutomization of ConnectALL Organization\",\n      \"description\": null,\n      \"priority\": \"normal\",\n      \"size\": 0,\n      \"plannedStart\": null,\n      \"plannedFinish\": null,\n      \"actualFinish\": null,\n      \"actualStart\": \"2021-04-02T22:56:45Z\",\n      \"createdOn\": \"2021-04-02T22:55:43Z\",\n      \"archivedOn\": null,\n      \"updatedOn\": \"2021-04-02T22:56:45Z\",\n      \"movedOn\": \"2021-04-02T22:56:45Z\",\n      \"tags\": [],\n      \"containingCardId\": null,\n      \"color\": \"#93E0E6\",\n      \"iconPath\": null,\n      \"customIconLabel\": \"Class of Service\",\n      \"customIcon\": null,\n      \"blockedStatus\": {\n        \"isBlocked\": false,\n        \"reason\": null,\n        \"date\": null\n      },\n      \"board\": {\n        \"id\": \"1551614578\",\n        \"title\": \"Welcome To LeanKit\",\n        \"version\": \"40\",\n        \"isArchived\": false\n      },\n      \"customId\": {\n        \"value\": null,\n        \"prefix\": null,\n        \"url\": null\n      },\n      \"externalLinks\": [],\n      \"lane\": {\n        \"cardLimit\": 0,\n        \"description\": null,\n        \"id\": \"1551614609\",\n        \"index\": 1,\n        \"laneClassType\": \"active\",\n        \"laneType\": \"untyped\",\n        \"orientation\": \"vertical\",\n        \"title\": \"In Progress\",\n        \"taskBoard\": null\n      },\n      \"type\": {\n        \"id\": \"1551614580\",\n        \"title\": \"New Feature\",\n        \"cardColor\": \"#93E0E6\"\n      },\n      \"taskBoardStats\": null\n    },\n    {\n      \"assignedUsers\": [],\n      \"id\": \"1551661065\",\n      \"index\": 1,\n      \"version\": \"7\",\n      \"title\": \"Demo of Leankit\",\n      \"description\": null,\n      \"priority\": \"normal\",\n      \"size\": 0,\n      \"plannedStart\": null,\n      \"plannedFinish\": null,\n      \"actualFinish\": null,\n      \"actualStart\": \"2021-04-02T22:56:43Z\",\n      \"createdOn\": \"2021-04-02T22:51:15Z\",\n      \"archivedOn\": null,\n      \"updatedOn\": \"2021-04-02T22:56:43Z\",\n      \"movedOn\": \"2021-04-02T22:56:43Z\",\n      \"tags\": [],\n      \"containingCardId\": null,\n      \"color\": \"#FFFFFF\",\n      \"iconPath\": null,\n      \"customIconLabel\": \"Class of Service\",\n      \"customIcon\": null,\n      \"blockedStatus\": {\n        \"isBlocked\": false,\n        \"reason\": null,\n        \"date\": null\n      },\n      \"board\": {\n        \"id\": \"1551614578\",\n        \"title\": \"Welcome To LeanKit\",\n        \"version\": \"40\",\n        \"isArchived\": false\n      },\n      \"customId\": {\n        \"value\": null,\n        \"prefix\": null,\n        \"url\": null\n      },\n      \"externalLinks\": [],\n      \"lane\": {\n        \"cardLimit\": 0,\n        \"description\": null,\n        \"id\": \"1551614609\",\n        \"index\": 1,\n        \"laneClassType\": \"active\",\n        \"laneType\": \"untyped\",\n        \"orientation\": \"vertical\",\n        \"title\": \"In Progress\",\n        \"taskBoard\": null\n      },\n      \"type\": {\n        \"id\": \"1551614582\",\n        \"title\": \"LeanKit Information\",\n        \"cardColor\": \"#FFFFFF\"\n      },\n      \"taskBoardStats\": null\n    },\n    {\n      \"assignedUsers\": [],\n      \"id\": \"1551669573\",\n      \"index\": 0,\n      \"version\": \"4\",\n      \"title\": \"Q1 Sales Metrics\",\n      \"description\": \"<p>You can attach documents, graphs, spreadsheets and any other kind of file, by simply dragging and dropping. </p>\\n<p>Click the <strong>Attachments</strong> link on the left navigation menu, to open up the attachments window. </p>\",\n      \"priority\": \"normal\",\n      \"size\": 0,\n      \"plannedStart\": null,\n      \"plannedFinish\": null,\n      \"actualFinish\": null,\n      \"actualStart\": \"2021-04-02T22:48:31Z\",\n      \"createdOn\": \"2021-04-02T22:48:31Z\",\n      \"archivedOn\": null,\n      \"updatedOn\": \"2021-04-02T22:48:31Z\",\n      \"movedOn\": \"2021-04-02T22:48:31Z\",\n      \"tags\": [],\n      \"containingCardId\": null,\n      \"color\": \"#FDD29A\",\n      \"iconPath\": null,\n      \"customIconLabel\": \"Class of Service\",\n      \"customIcon\": null,\n      \"blockedStatus\": {\n        \"isBlocked\": false,\n        \"reason\": null,\n        \"date\": null\n      },\n      \"board\": {\n        \"id\": \"1551614578\",\n        \"title\": \"Welcome To LeanKit\",\n        \"version\": \"40\",\n        \"isArchived\": false\n      },\n      \"customId\": {\n        \"value\": \"Attach a Report!\",\n        \"prefix\": null,\n        \"url\": null\n      },\n      \"externalLinks\": [],\n      \"lane\": {\n        \"cardLimit\": 0,\n        \"description\": null,\n        \"id\": \"1551614609\",\n        \"index\": 1,\n        \"laneClassType\": \"active\",\n        \"laneType\": \"untyped\",\n        \"orientation\": \"vertical\",\n        \"title\": \"In Progress\",\n        \"taskBoard\": null\n      },\n      \"type\": {\n        \"id\": \"1551614586\",\n        \"title\": \"Risk / Issue\",\n        \"cardColor\": \"#FDD29A\"\n      },\n      \"taskBoardStats\": null\n    },\n    {\n      \"assignedUsers\": [],\n      \"id\": \"1551669574\",\n      \"index\": 2,\n      \"version\": \"3\",\n      \"title\": \"Update the company handbook\",\n      \"description\": \"<p>This is a low-priority task. </p>\\n<p>You can visually show the priority of a task on a card by selecting a priority from the drop-down menu on the right. </p>\\n<p>Set this card's priority to <strong>low</strong>, and then save your changes. </p>\",\n      \"priority\": \"normal\",\n      \"size\": 0,\n      \"plannedStart\": null,\n      \"plannedFinish\": null,\n      \"actualFinish\": null,\n      \"actualStart\": \"2021-04-02T22:48:31Z\",\n      \"createdOn\": \"2021-04-02T22:48:31Z\",\n      \"archivedOn\": null,\n      \"updatedOn\": \"2021-04-02T22:48:31Z\",\n      \"movedOn\": \"2021-04-02T22:48:31Z\",\n      \"tags\": [],\n      \"containingCardId\": null,\n      \"color\": \"#C3D9E8\",\n      \"iconPath\": null,\n      \"customIconLabel\": \"Class of Service\",\n      \"customIcon\": null,\n      \"blockedStatus\": {\n        \"isBlocked\": false,\n        \"reason\": null,\n        \"date\": null\n      },\n      \"board\": {\n        \"id\": \"1551614578\",\n        \"title\": \"Welcome To LeanKit\",\n        \"version\": \"40\",\n        \"isArchived\": false\n      },\n      \"customId\": {\n        \"value\": \"Change my Priority!\",\n        \"prefix\": null,\n        \"url\": null\n      },\n      \"externalLinks\": [],\n      \"lane\": {\n        \"cardLimit\": 0,\n        \"description\": null,\n        \"id\": \"1551614610\",\n        \"index\": 0,\n        \"laneClassType\": \"active\",\n        \"laneType\": \"untyped\",\n        \"orientation\": \"vertical\",\n        \"title\": \"Ready to Start\",\n        \"taskBoard\": null\n      },\n      \"type\": {\n        \"id\": \"1551614583\",\n        \"title\": \"Documentation\",\n        \"cardColor\": \"#C3D9E8\"\n      },\n      \"taskBoardStats\": null\n    },\n    {\n      \"assignedUsers\": [],\n      \"id\": \"1551669575\",\n      \"index\": 3,\n      \"version\": \"3\",\n      \"title\": \"Learn about the competition\",\n      \"description\": \"<p>Let's break this work down into more detailed <strong>Tasks.</strong></p>\\n<p>You can add sub-tasks by clicking<strong> <strong>Tasks</strong></strong> in the navigation menu, on the left.</p>\\n<p><a href=\\\"https://success.planview.com/Planview_LeanKit/Cards/Managing_Cards/Taskboards\\\">Learn more about Taskboards here.</a></p>\\n<p>When you're done, you can drag this card out of the <strong>Ready to Start</strong> lane, and into <strong>In Progress</strong>.</p>\",\n      \"priority\": \"normal\",\n      \"size\": 0,\n      \"plannedStart\": null,\n      \"plannedFinish\": null,\n      \"actualFinish\": null,\n      \"actualStart\": \"2021-04-02T22:48:31Z\",\n      \"createdOn\": \"2021-04-02T22:48:31Z\",\n      \"archivedOn\": null,\n      \"updatedOn\": \"2021-04-02T22:48:31Z\",\n      \"movedOn\": \"2021-04-02T22:48:31Z\",\n      \"tags\": [],\n      \"containingCardId\": null,\n      \"color\": \"#FDD29A\",\n      \"iconPath\": null,\n      \"customIconLabel\": \"Class of Service\",\n      \"customIcon\": null,\n      \"blockedStatus\": {\n        \"isBlocked\": false,\n        \"reason\": null,\n        \"date\": null\n      },\n      \"board\": {\n        \"id\": \"1551614578\",\n        \"title\": \"Welcome To LeanKit\",\n        \"version\": \"40\",\n        \"isArchived\": false\n      },\n      \"customId\": {\n        \"value\": \"Break this down!\",\n        \"prefix\": null,\n        \"url\": null\n      },\n      \"externalLinks\": [],\n      \"lane\": {\n        \"cardLimit\": 0,\n        \"description\": null,\n        \"id\": \"1551614610\",\n        \"index\": 0,\n        \"laneClassType\": \"active\",\n        \"laneType\": \"untyped\",\n        \"orientation\": \"vertical\",\n        \"title\": \"Ready to Start\",\n        \"taskBoard\": null\n      },\n      \"type\": {\n        \"id\": \"1551614586\",\n        \"title\": \"Risk / Issue\",\n        \"cardColor\": \"#FDD29A\"\n      },\n      \"taskBoardStats\": {\n        \"totalCount\": 1,\n        \"completedCount\": 0,\n        \"totalSize\": 1,\n        \"completedSize\": 0\n      }\n    },\n    {\n      \"assignedUsers\": [],\n      \"id\": \"1551669576\",\n      \"index\": 0,\n      \"version\": \"1\",\n      \"title\": \"Cards on this board move from left to right, as work is done\",\n      \"description\": null,\n      \"priority\": \"normal\",\n      \"size\": 0,\n      \"plannedStart\": null,\n      \"plannedFinish\": null,\n      \"actualFinish\": null,\n      \"actualStart\": \"2021-04-02T22:48:31Z\",\n      \"createdOn\": \"2021-04-02T22:48:31Z\",\n      \"archivedOn\": null,\n      \"updatedOn\": \"2021-04-02T22:48:31Z\",\n      \"movedOn\": \"2021-04-02T22:48:31Z\",\n      \"tags\": [],\n      \"containingCardId\": null,\n      \"color\": \"#FFFFFF\",\n      \"iconPath\": null,\n      \"customIconLabel\": \"Class of Service\",\n      \"customIcon\": null,\n      \"blockedStatus\": {\n        \"isBlocked\": false,\n        \"reason\": null,\n        \"date\": null\n      },\n      \"board\": {\n        \"id\": \"1551614578\",\n        \"title\": \"Welcome To LeanKit\",\n        \"version\": \"40\",\n        \"isArchived\": false\n      },\n      \"customId\": {\n        \"value\": \"Read Me First\",\n        \"prefix\": null,\n        \"url\": null\n      },\n      \"externalLinks\": [],\n      \"lane\": {\n        \"cardLimit\": 0,\n        \"description\": null,\n        \"id\": \"1551614611\",\n        \"index\": 0,\n        \"laneClassType\": \"active\",\n        \"laneType\": \"untyped\",\n        \"orientation\": \"horizontal\",\n        \"title\": \"Expedite these things!\",\n        \"taskBoard\": null\n      },\n      \"type\": {\n        \"id\": \"1551614582\",\n        \"title\": \"LeanKit Information\",\n        \"cardColor\": \"#FFFFFF\"\n      },\n      \"taskBoardStats\": null\n    },\n    {\n      \"assignedUsers\": [],\n      \"id\": \"1551669577\",\n      \"index\": 1,\n      \"version\": \"1\",\n      \"title\": \"Updating work is just as easy as clicking and dragging. Try it!\",\n      \"description\": null,\n      \"priority\": \"normal\",\n      \"size\": 0,\n      \"plannedStart\": null,\n      \"plannedFinish\": null,\n      \"actualFinish\": null,\n      \"actualStart\": \"2021-04-02T22:48:31Z\",\n      \"createdOn\": \"2021-04-02T22:48:31Z\",\n      \"archivedOn\": null,\n      \"updatedOn\": \"2021-04-02T22:48:31Z\",\n      \"movedOn\": \"2021-04-02T22:48:31Z\",\n      \"tags\": [],\n      \"containingCardId\": null,\n      \"color\": \"#FFFFFF\",\n      \"iconPath\": null,\n      \"customIconLabel\": \"Class of Service\",\n      \"customIcon\": null,\n      \"blockedStatus\": {\n        \"isBlocked\": false,\n        \"reason\": null,\n        \"date\": null\n      },\n      \"board\": {\n        \"id\": \"1551614578\",\n        \"title\": \"Welcome To LeanKit\",\n        \"version\": \"40\",\n        \"isArchived\": false\n      },\n      \"customId\": {\n        \"value\": \"Read Me First\",\n        \"prefix\": null,\n        \"url\": null\n      },\n      \"externalLinks\": [],\n      \"lane\": {\n        \"cardLimit\": 0,\n        \"description\": null,\n        \"id\": \"1551614611\",\n        \"index\": 0,\n        \"laneClassType\": \"active\",\n        \"laneType\": \"untyped\",\n        \"orientation\": \"horizontal\",\n        \"title\": \"Expedite these things!\",\n        \"taskBoard\": null\n      },\n      \"type\": {\n        \"id\": \"1551614582\",\n        \"title\": \"LeanKit Information\",\n        \"cardColor\": \"#FFFFFF\"\n      },\n      \"taskBoardStats\": null\n    },\n    {\n      \"assignedUsers\": [],\n      \"id\": \"1551669578\",\n      \"index\": 2,\n      \"version\": \"1\",\n      \"title\": \"Click the '+' or '-' icons at the top of each LeanKit lane to expand or collapse.\",\n      \"description\": \"<p>Open the \\\"Future Work\\\" lane, on the left, now!</p>\",\n      \"priority\": \"normal\",\n      \"size\": 0,\n      \"plannedStart\": null,\n      \"plannedFinish\": null,\n      \"actualFinish\": null,\n      \"actualStart\": \"2021-04-02T22:48:31Z\",\n      \"createdOn\": \"2021-04-02T22:48:31Z\",\n      \"archivedOn\": null,\n      \"updatedOn\": \"2021-04-02T22:48:31Z\",\n      \"movedOn\": \"2021-04-02T22:48:31Z\",\n      \"tags\": [],\n      \"containingCardId\": null,\n      \"color\": \"#FFFFFF\",\n      \"iconPath\": null,\n      \"customIconLabel\": \"Class of Service\",\n      \"customIcon\": null,\n      \"blockedStatus\": {\n        \"isBlocked\": false,\n        \"reason\": null,\n        \"date\": null\n      },\n      \"board\": {\n        \"id\": \"1551614578\",\n        \"title\": \"Welcome To LeanKit\",\n        \"version\": \"40\",\n        \"isArchived\": false\n      },\n      \"customId\": {\n        \"value\": \"Read Me First\",\n        \"prefix\": null,\n        \"url\": null\n      },\n      \"externalLinks\": [],\n      \"lane\": {\n        \"cardLimit\": 0,\n        \"description\": null,\n        \"id\": \"1551614611\",\n        \"index\": 0,\n        \"laneClassType\": \"active\",\n        \"laneType\": \"untyped\",\n        \"orientation\": \"horizontal\",\n        \"title\": \"Expedite these things!\",\n        \"taskBoard\": null\n      },\n      \"type\": {\n        \"id\": \"1551614582\",\n        \"title\": \"LeanKit Information\",\n        \"cardColor\": \"#FFFFFF\"\n      },\n      \"taskBoardStats\": null\n    },\n    {\n      \"assignedUsers\": [],\n      \"id\": \"1551614617\",\n      \"index\": 0,\n      \"version\": \"1\",\n      \"title\": \"Write a new Blog post\",\n      \"description\": \"<p>Ever wonder how to get notified if a card is done?</p>\\n<p>In LeanKit you can subscribe to either a <strong>Card</strong>, or to a <strong>Lane. </strong></p>\\n<p>You can <strong>subscribe to a </strong><strong>Card</strong> by clicking the empty check-box at the bottom of this card's menu. You'll recieve email anytime someone changes anything about this card. </p>\\n<p>You can also <strong>subscribe to a Lane</strong>, by right-clicking on any <strong>Lane Header</strong> and choosing to subscribe to that lane. You'll recieve an email any time a card move into, out of, or changes inside that lane. </p>\\n<p>If you want to get really adventurous, you can even <strong>subscribe to a whole Board</strong>. You'll get notified anytime someone changes a card anywhere on the board. Do this by clicking the settings icon at the top right-hand corner, and choosing Subscribe from the menu. </p>\\n<p><a href=\\\"https://success.planview.com/Planview_LeanKit/Boards/Managing_Boards/Subscribe%2F%2FUnsubscribe_to_Board_and_Lane_Events\\\">Read more about subscriptions here, </a></p>\\n<p><a href=\\\"https://success.planview.com/Planview_LeanKit/Boards/Managing_Boards/Subscribe%2F%2FUnsubscribe_to_Board_and_Lane_Events\\\"> </a></p>\",\n      \"priority\": \"normal\",\n      \"size\": 0,\n      \"plannedStart\": null,\n      \"plannedFinish\": null,\n      \"actualFinish\": null,\n      \"actualStart\": \"2021-04-02T22:48:31Z\",\n      \"createdOn\": \"2021-04-02T22:48:31Z\",\n      \"archivedOn\": null,\n      \"updatedOn\": \"2021-04-02T22:48:31Z\",\n      \"movedOn\": \"2021-04-02T22:48:31Z\",\n      \"tags\": [],\n      \"containingCardId\": null,\n      \"color\": \"#C3D9E8\",\n      \"iconPath\": null,\n      \"customIconLabel\": \"Class of Service\",\n      \"customIcon\": null,\n      \"blockedStatus\": {\n        \"isBlocked\": false,\n        \"reason\": null,\n        \"date\": null\n      },\n      \"board\": {\n        \"id\": \"1551614578\",\n        \"title\": \"Welcome To LeanKit\",\n        \"version\": \"40\",\n        \"isArchived\": false\n      },\n      \"customId\": {\n        \"value\": \"Subscribe to me!\",\n        \"prefix\": null,\n        \"url\": null\n      },\n      \"externalLinks\": [],\n      \"lane\": {\n        \"cardLimit\": 0,\n        \"description\": null,\n        \"id\": \"1551614600\",\n        \"index\": 2,\n        \"laneClassType\": \"active\",\n        \"laneType\": \"untyped\",\n        \"orientation\": \"vertical\",\n        \"title\": \"Ready for Review\",\n        \"taskBoard\": null\n      },\n      \"type\": {\n        \"id\": \"1551614583\",\n        \"title\": \"Documentation\",\n        \"cardColor\": \"#C3D9E8\"\n      },\n      \"taskBoardStats\": null\n    },\n    {\n      \"assignedUsers\": [],\n      \"id\": \"1551614618\",\n      \"index\": 0,\n      \"version\": \"1\",\n      \"title\": \"Update the Knowledge Base\",\n      \"description\": \"<p>Add some <strong>tags</strong> to this card.</p>\\n<p><strong>Tags</strong> can be used to group cards together for any reason. You can even search or filter by tags later. </p>\\n<p>Once you use a tag once, you'll see that tag auto-complete from that point on. </p>\\n<p><a href=\\\"https://success.planview.com/Planview_LeanKit/Cards/Managing_Cards/Filter_Cards_on_a_Board\\\">Read more about <strong>Tags</strong> here:</a></p>\",\n      \"priority\": \"normal\",\n      \"size\": 0,\n      \"plannedStart\": null,\n      \"plannedFinish\": null,\n      \"actualFinish\": null,\n      \"actualStart\": \"2021-04-02T22:48:31Z\",\n      \"createdOn\": \"2021-04-02T22:48:31Z\",\n      \"archivedOn\": null,\n      \"updatedOn\": \"2021-04-02T22:48:31Z\",\n      \"movedOn\": \"2021-04-02T22:48:31Z\",\n      \"tags\": [],\n      \"containingCardId\": null,\n      \"color\": \"#C3D9E8\",\n      \"iconPath\": null,\n      \"customIconLabel\": \"Class of Service\",\n      \"customIcon\": null,\n      \"blockedStatus\": {\n        \"isBlocked\": false,\n        \"reason\": null,\n        \"date\": null\n      },\n      \"board\": {\n        \"id\": \"1551614578\",\n        \"title\": \"Welcome To LeanKit\",\n        \"version\": \"40\",\n        \"isArchived\": false\n      },\n      \"customId\": {\n        \"value\": \"Add some tags!\",\n        \"prefix\": null,\n        \"url\": null\n      },\n      \"externalLinks\": [],\n      \"lane\": {\n        \"cardLimit\": 0,\n        \"description\": null,\n        \"id\": \"1551614601\",\n        \"index\": 1,\n        \"laneClassType\": \"active\",\n        \"laneType\": \"untyped\",\n        \"orientation\": \"vertical\",\n        \"title\": \"In Progress\",\n        \"taskBoard\": null\n      },\n      \"type\": {\n        \"id\": \"1551614583\",\n        \"title\": \"Documentation\",\n        \"cardColor\": \"#C3D9E8\"\n      },\n      \"taskBoardStats\": null\n    },\n    {\n      \"assignedUsers\": [],\n      \"id\": \"1551614619\",\n      \"index\": 1,\n      \"version\": \"1\",\n      \"title\": \"Calendar doesn't look right in IE11\",\n      \"description\": null,\n      \"priority\": \"normal\",\n      \"size\": 0,\n      \"plannedStart\": null,\n      \"plannedFinish\": null,\n      \"actualFinish\": null,\n      \"actualStart\": \"2021-04-02T22:48:31Z\",\n      \"createdOn\": \"2021-04-02T22:48:31Z\",\n      \"archivedOn\": null,\n      \"updatedOn\": \"2021-04-02T22:48:31Z\",\n      \"movedOn\": \"2021-04-02T22:48:31Z\",\n      \"tags\": [],\n      \"containingCardId\": null,\n      \"color\": \"#FE7676\",\n      \"iconPath\": null,\n      \"customIconLabel\": \"Class of Service\",\n      \"customIcon\": null,\n      \"blockedStatus\": {\n        \"isBlocked\": false,\n        \"reason\": null,\n        \"date\": null\n      },\n      \"board\": {\n        \"id\": \"1551614578\",\n        \"title\": \"Welcome To LeanKit\",\n        \"version\": \"40\",\n        \"isArchived\": false\n      },\n      \"customId\": {\n        \"value\": \"Issue #987342\",\n        \"prefix\": null,\n        \"url\": null\n      },\n      \"externalLinks\": [],\n      \"lane\": {\n        \"cardLimit\": 0,\n        \"description\": null,\n        \"id\": \"1551614601\",\n        \"index\": 1,\n        \"laneClassType\": \"active\",\n        \"laneType\": \"untyped\",\n        \"orientation\": \"vertical\",\n        \"title\": \"In Progress\",\n        \"taskBoard\": null\n      },\n      \"type\": {\n        \"id\": \"1551614584\",\n        \"title\": \"Defect\",\n        \"cardColor\": \"#FE7676\"\n      },\n      \"taskBoardStats\": null\n    },\n    {\n      \"assignedUsers\": [],\n      \"id\": \"1551614620\",\n      \"index\": 0,\n      \"version\": \"1\",\n      \"title\": \"Woah! Red's not good!\",\n      \"description\": \"<p>Red cards are a great way to show issues on a LeanKit board.</p>\\n<p>You'll notice this lane is also red. That's because we've violated the support team's WIP (Work In Progress) limit. <a href=\\\"https://success.planview.com/Planview_LeanKit/Boards/Managing_Boards/Set_Work-In-Process_(WIP)_Limits\\\">Read more here.</a></p>\\n<p>Help this team out by dragging a card into <strong>Ready for Review.</strong></p>\",\n      \"priority\": \"normal\",\n      \"size\": 0,\n      \"plannedStart\": null,\n      \"plannedFinish\": null,\n      \"actualFinish\": null,\n      \"actualStart\": \"2021-04-02T22:48:31Z\",\n      \"createdOn\": \"2021-04-02T22:48:31Z\",\n      \"archivedOn\": null,\n      \"updatedOn\": \"2021-04-02T22:48:31Z\",\n      \"movedOn\": \"2021-04-02T22:48:31Z\",\n      \"tags\": [],\n      \"containingCardId\": null,\n      \"color\": \"#FFFFFF\",\n      \"iconPath\": null,\n      \"customIconLabel\": \"Class of Service\",\n      \"customIcon\": null,\n      \"blockedStatus\": {\n        \"isBlocked\": false,\n        \"reason\": null,\n        \"date\": null\n      },\n      \"board\": {\n        \"id\": \"1551614578\",\n        \"title\": \"Welcome To LeanKit\",\n        \"version\": \"40\",\n        \"isArchived\": false\n      },\n      \"customId\": {\n        \"value\": \"Help this team!\",\n        \"prefix\": null,\n        \"url\": null\n      },\n      \"externalLinks\": [],\n      \"lane\": {\n        \"cardLimit\": 4,\n        \"description\": null,\n        \"id\": \"1551614602\",\n        \"index\": 0,\n        \"laneClassType\": \"active\",\n        \"laneType\": \"untyped\",\n        \"orientation\": \"vertical\",\n        \"title\": \"Ready to Start\",\n        \"taskBoard\": null\n      },\n      \"type\": {\n        \"id\": \"1551614582\",\n        \"title\": \"LeanKit Information\",\n        \"cardColor\": \"#FFFFFF\"\n      },\n      \"taskBoardStats\": null\n    },\n    {\n      \"assignedUsers\": [],\n      \"id\": \"1551669565\",\n      \"index\": 1,\n      \"version\": \"1\",\n      \"title\": \"Chris is having issues logging in on iPhone\",\n      \"description\": null,\n      \"priority\": \"normal\",\n      \"size\": 0,\n      \"plannedStart\": null,\n      \"plannedFinish\": null,\n      \"actualFinish\": null,\n      \"actualStart\": \"2021-04-02T22:48:31Z\",\n      \"createdOn\": \"2021-04-02T22:48:31Z\",\n      \"archivedOn\": null,\n      \"updatedOn\": \"2021-04-02T22:48:31Z\",\n      \"movedOn\": \"2021-04-02T22:48:31Z\",\n      \"tags\": [],\n      \"containingCardId\": null,\n      \"color\": \"#FE7676\",\n      \"iconPath\": null,\n      \"customIconLabel\": \"Class of Service\",\n      \"customIcon\": null,\n      \"blockedStatus\": {\n        \"isBlocked\": false,\n        \"reason\": null,\n        \"date\": null\n      },\n      \"board\": {\n        \"id\": \"1551614578\",\n        \"title\": \"Welcome To LeanKit\",\n        \"version\": \"40\",\n        \"isArchived\": false\n      },\n      \"customId\": {\n        \"value\": \"Issue #987343\",\n        \"prefix\": null,\n        \"url\": null\n      },\n      \"externalLinks\": [],\n      \"lane\": {\n        \"cardLimit\": 4,\n        \"description\": null,\n        \"id\": \"1551614602\",\n        \"index\": 0,\n        \"laneClassType\": \"active\",\n        \"laneType\": \"untyped\",\n        \"orientation\": \"vertical\",\n        \"title\": \"Ready to Start\",\n        \"taskBoard\": null\n      },\n      \"type\": {\n        \"id\": \"1551614584\",\n        \"title\": \"Defect\",\n        \"cardColor\": \"#FE7676\"\n      },\n      \"taskBoardStats\": null\n    },\n    {\n      \"assignedUsers\": [],\n      \"id\": \"1551669566\",\n      \"index\": 2,\n      \"version\": \"1\",\n      \"title\": \"Kelly's phone is frequently dropping calls\",\n      \"description\": null,\n      \"priority\": \"low\",\n      \"size\": 0,\n      \"plannedStart\": null,\n      \"plannedFinish\": null,\n      \"actualFinish\": null,\n      \"actualStart\": \"2021-04-02T22:48:31Z\",\n      \"createdOn\": \"2021-04-02T22:48:31Z\",\n      \"archivedOn\": null,\n      \"updatedOn\": \"2021-04-02T22:48:31Z\",\n      \"movedOn\": \"2021-04-02T22:48:31Z\",\n      \"tags\": [],\n      \"containingCardId\": null,\n      \"color\": \"#FE7676\",\n      \"iconPath\": null,\n      \"customIconLabel\": \"Class of Service\",\n      \"customIcon\": null,\n      \"blockedStatus\": {\n        \"isBlocked\": false,\n        \"reason\": null,\n        \"date\": null\n      },\n      \"board\": {\n        \"id\": \"1551614578\",\n        \"title\": \"Welcome To LeanKit\",\n        \"version\": \"40\",\n        \"isArchived\": false\n      },\n      \"customId\": {\n        \"value\": \"Issue #987345\",\n        \"prefix\": null,\n        \"url\": null\n      },\n      \"externalLinks\": [],\n      \"lane\": {\n        \"cardLimit\": 4,\n        \"description\": null,\n        \"id\": \"1551614602\",\n        \"index\": 0,\n        \"laneClassType\": \"active\",\n        \"laneType\": \"untyped\",\n        \"orientation\": \"vertical\",\n        \"title\": \"Ready to Start\",\n        \"taskBoard\": null\n      },\n      \"type\": {\n        \"id\": \"1551614584\",\n        \"title\": \"Defect\",\n        \"cardColor\": \"#FE7676\"\n      },\n      \"taskBoardStats\": null\n    },\n    {\n      \"assignedUsers\": [],\n      \"id\": \"1551669567\",\n      \"index\": 3,\n      \"version\": \"1\",\n      \"title\": \"Connection is really slow though the company VPN\",\n      \"description\": null,\n      \"priority\": \"normal\",\n      \"size\": 0,\n      \"plannedStart\": null,\n      \"plannedFinish\": null,\n      \"actualFinish\": null,\n      \"actualStart\": \"2021-04-02T22:48:31Z\",\n      \"createdOn\": \"2021-04-02T22:48:31Z\",\n      \"archivedOn\": null,\n      \"updatedOn\": \"2021-04-02T22:48:31Z\",\n      \"movedOn\": \"2021-04-02T22:48:31Z\",\n      \"tags\": [],\n      \"containingCardId\": null,\n      \"color\": \"#FE7676\",\n      \"iconPath\": null,\n      \"customIconLabel\": \"Class of Service\",\n      \"customIcon\": null,\n      \"blockedStatus\": {\n        \"isBlocked\": false,\n        \"reason\": null,\n        \"date\": null\n      },\n      \"board\": {\n        \"id\": \"1551614578\",\n        \"title\": \"Welcome To LeanKit\",\n        \"version\": \"40\",\n        \"isArchived\": false\n      },\n      \"customId\": {\n        \"value\": \"Issue #987344\",\n        \"prefix\": null,\n        \"url\": null\n      },\n      \"externalLinks\": [],\n      \"lane\": {\n        \"cardLimit\": 4,\n        \"description\": null,\n        \"id\": \"1551614602\",\n        \"index\": 0,\n        \"laneClassType\": \"active\",\n        \"laneType\": \"untyped\",\n        \"orientation\": \"vertical\",\n        \"title\": \"Ready to Start\",\n        \"taskBoard\": null\n      },\n      \"type\": {\n        \"id\": \"1551614584\",\n        \"title\": \"Defect\",\n        \"cardColor\": \"#FE7676\"\n      },\n      \"taskBoardStats\": null\n    },\n    {\n      \"assignedUsers\": [],\n      \"id\": \"1551669568\",\n      \"index\": 4,\n      \"version\": \"1\",\n      \"title\": \".\",\n      \"description\": \"<p>You've found it! Great job using LeanKit's filter!</p>\\n<p>Blocked cards have a red stop-sign to indicate there's a problem. </p>\\n<p>Now that you've identified it, clicked the <strong>Blocked</strong> button and (optionally) give a reason to <strong>un-block</strong> this card. </p>\",\n      \"priority\": \"critical\",\n      \"size\": 0,\n      \"plannedStart\": null,\n      \"plannedFinish\": null,\n      \"actualFinish\": null,\n      \"actualStart\": \"2021-04-02T22:48:31Z\",\n      \"createdOn\": \"2021-04-02T22:48:31Z\",\n      \"archivedOn\": null,\n      \"updatedOn\": \"2021-04-02T22:48:31Z\",\n      \"movedOn\": \"2021-04-02T22:48:31Z\",\n      \"tags\": [],\n      \"containingCardId\": null,\n      \"color\": \"#FE7676\",\n      \"iconPath\": null,\n      \"customIconLabel\": \"Class of Service\",\n      \"customIcon\": null,\n      \"blockedStatus\": {\n        \"isBlocked\": true,\n        \"reason\": \"A HUGE problem\",\n        \"date\": null\n      },\n      \"board\": {\n        \"id\": \"1551614578\",\n        \"title\": \"Welcome To LeanKit\",\n        \"version\": \"40\",\n        \"isArchived\": false\n      },\n      \"customId\": {\n        \"value\": \"Nothing to see here\",\n        \"prefix\": null,\n        \"url\": null\n      },\n      \"externalLinks\": [],\n      \"lane\": {\n        \"cardLimit\": 4,\n        \"description\": null,\n        \"id\": \"1551614602\",\n        \"index\": 0,\n        \"laneClassType\": \"active\",\n        \"laneType\": \"untyped\",\n        \"orientation\": \"vertical\",\n        \"title\": \"Ready to Start\",\n        \"taskBoard\": null\n      },\n      \"type\": {\n        \"id\": \"1551614584\",\n        \"title\": \"Defect\",\n        \"cardColor\": \"#FE7676\"\n      },\n      \"taskBoardStats\": null\n    },\n    {\n      \"assignedUsers\": [],\n      \"id\": \"1551669569\",\n      \"index\": 0,\n      \"version\": \"1\",\n      \"title\": \"API Improvements\",\n      \"description\": \"<p>You can leave comments on a card so everyone knows what's going on.</p>\\n<p>Try leaving a comment on this card for everyone to see. </p>\\n<p>Pro Tip: You can <a href=\\\"https://success.planview.com/Planview_LeanKit/Cards/Managing_Cards/@mentions\\\">@mention users in comments</a> or in this description. Have you <a href=\\\"https://success.planview.com/Planview_LeanKit/FAQs/Account_Questions/How_do_I_Invite_Others_to_Join_My_LeanKit_Account%3F\\\">added other users yet</a>? You can do that by clicking the \\\"User\\\" icon on the top navigation menu.</p>\",\n      \"priority\": \"normal\",\n      \"size\": 0,\n      \"plannedStart\": null,\n      \"plannedFinish\": null,\n      \"actualFinish\": null,\n      \"actualStart\": \"2021-04-02T22:48:31Z\",\n      \"createdOn\": \"2021-04-02T22:48:31Z\",\n      \"archivedOn\": null,\n      \"updatedOn\": \"2021-04-02T22:48:31Z\",\n      \"movedOn\": \"2021-04-02T22:48:31Z\",\n      \"tags\": [],\n      \"containingCardId\": null,\n      \"color\": \"#D6FA98\",\n      \"iconPath\": null,\n      \"customIconLabel\": \"Class of Service\",\n      \"customIcon\": null,\n      \"blockedStatus\": {\n        \"isBlocked\": false,\n        \"reason\": null,\n        \"date\": null\n      },\n      \"board\": {\n        \"id\": \"1551614578\",\n        \"title\": \"Welcome To LeanKit\",\n        \"version\": \"40\",\n        \"isArchived\": false\n      },\n      \"customId\": {\n        \"value\": \"Add comments!\",\n        \"prefix\": null,\n        \"url\": null\n      },\n      \"externalLinks\": [],\n      \"lane\": {\n        \"cardLimit\": 0,\n        \"description\": null,\n        \"id\": \"1551614605\",\n        \"index\": 1,\n        \"laneClassType\": \"active\",\n        \"laneType\": \"untyped\",\n        \"orientation\": \"vertical\",\n        \"title\": \"In Progress\",\n        \"taskBoard\": null\n      },\n      \"type\": {\n        \"id\": \"1551614581\",\n        \"title\": \"Improvement\",\n        \"cardColor\": \"#D6FA98\"\n      },\n      \"taskBoardStats\": null\n    },\n    {\n      \"assignedUsers\": [],\n      \"id\": \"1551669570\",\n      \"index\": 0,\n      \"version\": \"1\",\n      \"title\": \"Let's give our Dev team some more work\",\n      \"description\": \"<p>You can add cards to a LeanKit board many different ways. </p>\\n<p>You can click the <strong>\\\"Quick Add</strong>\\\" icon, on the top right of any board.</p>\\n<p>You can right-click any <strong>lane</strong> to add a new card.</p>\\n<p>You can even email a card to the board. Have you opened up the \\\"Future Work\\\" lane yet? There's a hint in there :)</p>\",\n      \"priority\": \"normal\",\n      \"size\": 0,\n      \"plannedStart\": null,\n      \"plannedFinish\": null,\n      \"actualFinish\": null,\n      \"actualStart\": \"2021-04-02T22:48:31Z\",\n      \"createdOn\": \"2021-04-02T22:48:31Z\",\n      \"archivedOn\": null,\n      \"updatedOn\": \"2021-04-02T22:48:31Z\",\n      \"movedOn\": \"2021-04-02T22:48:31Z\",\n      \"tags\": [],\n      \"containingCardId\": null,\n      \"color\": \"#FFFFFF\",\n      \"iconPath\": null,\n      \"customIconLabel\": \"Class of Service\",\n      \"customIcon\": null,\n      \"blockedStatus\": {\n        \"isBlocked\": false,\n        \"reason\": null,\n        \"date\": null\n      },\n      \"board\": {\n        \"id\": \"1551614578\",\n        \"title\": \"Welcome To LeanKit\",\n        \"version\": \"40\",\n        \"isArchived\": false\n      },\n      \"customId\": {\n        \"value\": \"Create some cards!\",\n        \"prefix\": null,\n        \"url\": null\n      },\n      \"externalLinks\": [],\n      \"lane\": {\n        \"cardLimit\": 0,\n        \"description\": null,\n        \"id\": \"1551614606\",\n        \"index\": 0,\n        \"laneClassType\": \"active\",\n        \"laneType\": \"untyped\",\n        \"orientation\": \"vertical\",\n        \"title\": \"Ready to Start\",\n        \"taskBoard\": null\n      },\n      \"type\": {\n        \"id\": \"1551614582\",\n        \"title\": \"LeanKit Information\",\n        \"cardColor\": \"#FFFFFF\"\n      },\n      \"taskBoardStats\": null\n    },\n    {\n      \"assignedUsers\": [],\n      \"id\": \"1551669571\",\n      \"index\": 1,\n      \"version\": \"1\",\n      \"title\": \"Find the hidden risk on this board\",\n      \"description\": \"<p>Agent,</p>\\n<p>Your mission is to find the risk on this board. Your secret weapon? The <strong>LeanKit</strong> filter. </p>\\n<p>Use the filter to <strong>Show Only </strong>cards that are <strong>Critical Priotity,</strong> but are also <strong>Blocked.</strong></p>\\n<p><a href=\\\"https://success.planview.com/Planview_LeanKit/Cards/Managing_Cards/Filter_Cards_on_a_Board\\\">Learn More about LeanKit's Filter</a></p>\",\n      \"priority\": \"high\",\n      \"size\": 0,\n      \"plannedStart\": null,\n      \"plannedFinish\": null,\n      \"actualFinish\": null,\n      \"actualStart\": \"2021-04-02T22:48:31Z\",\n      \"createdOn\": \"2021-04-02T22:48:31Z\",\n      \"archivedOn\": null,\n      \"updatedOn\": \"2021-04-02T22:48:31Z\",\n      \"movedOn\": \"2021-04-02T22:48:31Z\",\n      \"tags\": [],\n      \"containingCardId\": null,\n      \"color\": \"#FE7676\",\n      \"iconPath\": null,\n      \"customIconLabel\": \"Class of Service\",\n      \"customIcon\": null,\n      \"blockedStatus\": {\n        \"isBlocked\": false,\n        \"reason\": null,\n        \"date\": null\n      },\n      \"board\": {\n        \"id\": \"1551614578\",\n        \"title\": \"Welcome To LeanKit\",\n        \"version\": \"40\",\n        \"isArchived\": false\n      },\n      \"customId\": {\n        \"value\": \"Identify the problem\",\n        \"prefix\": null,\n        \"url\": null\n      },\n      \"externalLinks\": [],\n      \"lane\": {\n        \"cardLimit\": 0,\n        \"description\": null,\n        \"id\": \"1551614606\",\n        \"index\": 0,\n        \"laneClassType\": \"active\",\n        \"laneType\": \"untyped\",\n        \"orientation\": \"vertical\",\n        \"title\": \"Ready to Start\",\n        \"taskBoard\": null\n      },\n      \"type\": {\n        \"id\": \"1551614584\",\n        \"title\": \"Defect\",\n        \"cardColor\": \"#FE7676\"\n      },\n      \"taskBoardStats\": null\n    },\n    {\n      \"assignedUsers\": [],\n      \"id\": \"1551669579\",\n      \"index\": 0,\n      \"version\": \"1\",\n      \"title\": \"The ? right above me means...\",\n      \"description\": \"<p>... that this LeanKit<strong> lane</strong> ( or vertical column ) represents a <strong>Connected Card Done Lane. </strong></p>\\n<p>You can read more about how LeanKit lets you connect cards across multiple boards in our <a href=\\\"https://success.planview.com/Planview_LeanKit/Cards/Connections/About_Card_Connections\\\">LeanKit Knowledge Base</a>.</p>\\n<p> </p>\",\n      \"priority\": \"normal\",\n      \"size\": 0,\n      \"plannedStart\": null,\n      \"plannedFinish\": null,\n      \"actualFinish\": \"2021-04-02T22:48:31Z\",\n      \"actualStart\": \"2021-04-02T22:48:31Z\",\n      \"createdOn\": \"2021-04-02T22:48:31Z\",\n      \"archivedOn\": null,\n      \"updatedOn\": \"2021-04-02T22:48:31Z\",\n      \"movedOn\": \"2021-04-02T22:48:31Z\",\n      \"tags\": [],\n      \"containingCardId\": null,\n      \"color\": \"#FFFFFF\",\n      \"iconPath\": null,\n      \"customIconLabel\": \"Class of Service\",\n      \"customIcon\": null,\n      \"blockedStatus\": {\n        \"isBlocked\": false,\n        \"reason\": null,\n        \"date\": null\n      },\n      \"board\": {\n        \"id\": \"1551614578\",\n        \"title\": \"Welcome To LeanKit\",\n        \"version\": \"40\",\n        \"isArchived\": false\n      },\n      \"customId\": {\n        \"value\": \"Click for more info\",\n        \"prefix\": null,\n        \"url\": null\n      },\n      \"externalLinks\": [],\n      \"lane\": {\n        \"cardLimit\": 0,\n        \"description\": null,\n        \"id\": \"1551614612\",\n        \"index\": 3,\n        \"laneClassType\": \"active\",\n        \"laneType\": \"completed\",\n        \"orientation\": \"vertical\",\n        \"title\": \"Recently Finished\",\n        \"taskBoard\": null\n      },\n      \"type\": {\n        \"id\": \"1551614582\",\n        \"title\": \"LeanKit Information\",\n        \"cardColor\": \"#FFFFFF\"\n      },\n      \"taskBoardStats\": null\n    },\n    {\n      \"assignedUsers\": [],\n      \"id\": \"1551669580\",\n      \"index\": 1,\n      \"version\": \"2\",\n      \"title\": \"For more info on how to get started with LeanKit\",\n      \"description\": \"<p>Visit the <a href=\\\"https://success.planview.com/Planview_LeanKit/Getting_Started/Tutorials/Lesson_1%3A_How_LeanKit_Works_-_The_Concept\\\">Getting Started</a> section of our Knowledge Base</p>\",\n      \"priority\": \"normal\",\n      \"size\": 0,\n      \"plannedStart\": null,\n      \"plannedFinish\": null,\n      \"actualFinish\": \"2021-04-02T22:48:31Z\",\n      \"actualStart\": \"2021-04-02T22:48:31Z\",\n      \"createdOn\": \"2021-04-02T22:48:31Z\",\n      \"archivedOn\": null,\n      \"updatedOn\": \"2021-04-02T22:48:31Z\",\n      \"movedOn\": \"2021-04-02T22:48:31Z\",\n      \"tags\": [],\n      \"containingCardId\": null,\n      \"color\": \"#FFFFFF\",\n      \"iconPath\": null,\n      \"customIconLabel\": \"Class of Service\",\n      \"customIcon\": null,\n      \"blockedStatus\": {\n        \"isBlocked\": false,\n        \"reason\": null,\n        \"date\": null\n      },\n      \"board\": {\n        \"id\": \"1551614578\",\n        \"title\": \"Welcome To LeanKit\",\n        \"version\": \"40\",\n        \"isArchived\": false\n      },\n      \"customId\": {\n        \"value\": \"More LeanKit Info\",\n        \"prefix\": null,\n        \"url\": null\n      },\n      \"externalLinks\": [],\n      \"lane\": {\n        \"cardLimit\": 0,\n        \"description\": null,\n        \"id\": \"1551614612\",\n        \"index\": 3,\n        \"laneClassType\": \"active\",\n        \"laneType\": \"completed\",\n        \"orientation\": \"vertical\",\n        \"title\": \"Recently Finished\",\n        \"taskBoard\": null\n      },\n      \"type\": {\n        \"id\": \"1551614582\",\n        \"title\": \"LeanKit Information\",\n        \"cardColor\": \"#FFFFFF\"\n      },\n      \"taskBoardStats\": null\n    },\n    {\n      \"assignedUsers\": [],\n      \"id\": \"1551669581\",\n      \"index\": 2,\n      \"version\": \"2\",\n      \"title\": \"For more info on Kanban and Lean\",\n      \"description\": \"<p>Visit the <a href=\\\"http://leankit.com/learn/kanban/\\\">Kanban Learning Center</a> on our website. </p>\",\n      \"priority\": \"normal\",\n      \"size\": 0,\n      \"plannedStart\": null,\n      \"plannedFinish\": null,\n      \"actualFinish\": \"2021-04-02T22:48:31Z\",\n      \"actualStart\": \"2021-04-02T22:48:31Z\",\n      \"createdOn\": \"2021-04-02T22:48:31Z\",\n      \"archivedOn\": null,\n      \"updatedOn\": \"2021-04-02T22:48:31Z\",\n      \"movedOn\": \"2021-04-02T22:48:31Z\",\n      \"tags\": [],\n      \"containingCardId\": null,\n      \"color\": \"#FFFFFF\",\n      \"iconPath\": null,\n      \"customIconLabel\": \"Class of Service\",\n      \"customIcon\": null,\n      \"blockedStatus\": {\n        \"isBlocked\": false,\n        \"reason\": null,\n        \"date\": null\n      },\n      \"board\": {\n        \"id\": \"1551614578\",\n        \"title\": \"Welcome To LeanKit\",\n        \"version\": \"40\",\n        \"isArchived\": false\n      },\n      \"customId\": {\n        \"value\": \"More Kanban Info\",\n        \"prefix\": null,\n        \"url\": null\n      },\n      \"externalLinks\": [],\n      \"lane\": {\n        \"cardLimit\": 0,\n        \"description\": null,\n        \"id\": \"1551614612\",\n        \"index\": 3,\n        \"laneClassType\": \"active\",\n        \"laneType\": \"completed\",\n        \"orientation\": \"vertical\",\n        \"title\": \"Recently Finished\",\n        \"taskBoard\": null\n      },\n      \"type\": {\n        \"id\": \"1551614582\",\n        \"title\": \"LeanKit Information\",\n        \"cardColor\": \"#FFFFFF\"\n      },\n      \"taskBoardStats\": null\n    }\n  ],\n  \"pageMeta\": {\n    \"totalRecords\": 28,\n    \"offset\": 0,\n    \"limit\": 200,\n    \"startRow\": 1,\n    \"endRow\": 28\n  }\n}","statusCode":2,"contentAvailable":true},"Request":{"specId":40,"type":"Request","adapterType":null,"specType":null,"status":"Active","specification":null,"samplePayload":null,"statusCode":2,"contentAvailable":false}}},"QUERY_RECORD_BY_ID":{"templateId":17,"operation":"QUERY_RECORD_BY_ID","httpVerb":"GET","restUrl":"/io/card/${recordId}","specifications":{"Response":{"specId":33,"type":"Response","adapterType":null,"specType":"JOLT","status":"Active","specification":"[\n  {\n    \"operation\": \"shift\",\n    \"spec\": {\n      \"id\": \"id\",\n      \"board\": {\n        \"id\": \"fields.&1\"\n      },\n      \"lane\": {\n        \"id\": \"fields.&1\"\n      },\n      \"updatedBy\": {\n        \"id\": \"fields.&1\"\n      },\n      \"createdBy\": {\n        \"emailAddress\": \"fields.&1\"\n      },\n      \"updatedBy\": {\n        \"emailAddress\": \"fields.&1\"\n      },\n      \"blockedStatus\": {\n        \"isBlocked\": \"fields.&\",\n        \"reason\": \"fields.blocked-&\",\n        \"date\": \"fields.blocked-&\"\n      },\n      \"*\": \"fields.&\"\n    }\n  }, {\n    \"operation\": \"modify-overwrite-beta\",\n    \"spec\": {\n      \"id\": \"=toString\"\n    }\n},\n\n  {\n    \"operation\": \"modify-default-beta\",\n    \"spec\": {\n      \"fields?\": {\n        \"id\": \"@(2,id)\"\n      }\n    }\n }\n]\n","samplePayload":"{\n  \"actualFinish\": null,\n  \"actualStart\": null,\n  \"plannedStart\": null,\n  \"plannedFinish\": null,\n  \"archivedOn\": null,\n  \"blockedStatus\": {\n    \"reason\": null,\n    \"date\": null,\n    \"isBlocked\": false\n  },\n  \"createdBy\": {\n    \"id\": \"1551294979\",\n    \"emailAddress\": \"sbhaskara@connectall.com\",\n    \"fullName\": \"Sharath Bhaskara\",\n    \"avatar\": \"https://sbhaskara-ca.leankit.com/avatar/show/1551294979/?s=25\"\n  },\n  \"updatedBy\": {\n    \"id\": \"1551294979\",\n    \"emailAddress\": \"sbhaskara@connectall.com\",\n    \"fullName\": \"Sharath Bhaskara\",\n    \"avatar\": \"https://sbhaskara-ca.leankit.com/avatar/show/1551294979/?s=25\"\n  },\n  \"movedBy\": null,\n  \"archivedBy\": null,\n  \"board\": {\n    \"id\": \"1551614578\",\n    \"title\": \"Welcome To LeanKit\",\n    \"version\": \"36\",\n    \"isArchived\": false\n  },\n  \"customIcon\": null,\n  \"customIconLabel\": \"Class of Service\",\n  \"color\": \"#FFFFFF\",\n  \"iconPath\": null,\n  \"createdOn\": \"2021-04-02T23:23:10Z\",\n  \"description\": null,\n  \"customId\": {\n    \"value\": null,\n    \"prefix\": null,\n    \"url\": null\n  },\n  \"externalLinks\": [],\n  \"id\": \"1551671217\",\n  \"index\": 1,\n  \"lane\": {\n    \"cardLimit\": 0,\n    \"description\": null,\n    \"id\": \"1551614593\",\n    \"index\": 0,\n    \"laneClassType\": \"backlog\",\n    \"laneType\": \"ready\",\n    \"orientation\": \"vertical\",\n    \"title\": \"New Requests\",\n    \"taskBoard\": null\n  },\n  \"updatedOn\": \"2021-04-02T23:23:10Z\",\n  \"movedOn\": \"2021-04-02T23:23:10Z\",\n  \"priority\": \"normal\",\n  \"size\": 0,\n  \"tags\": [],\n  \"title\": \"Postman API card\",\n  \"version\": \"1\",\n  \"type\": {\n    \"id\": \"1551614582\",\n    \"title\": \"LeanKit Information\",\n    \"cardColor\": \"#FFFFFF\"\n  },\n  \"taskBoardStats\": null,\n  \"subscriptionId\": null,\n  \"commentsCount\": 0,\n  \"childCommentsCount\": 0,\n  \"assignedUsers\": [],\n  \"attachments\": [],\n  \"comments\": [],\n  \"parentCards\": [],\n  \"customFields\": [],\n  \"connectedCardStats\": null\n}","statusCode":2,"contentAvailable":true},"Request":{"specId":34,"type":"Request","adapterType":null,"specType":null,"status":"Active","specification":null,"samplePayload":null,"statusCode":2,"contentAvailable":false}}},"UPDATE_RECORD":{"templateId":20,"operation":"UPDATE_RECORD","httpVerb":"PATCH","restUrl":"/io/card/${recordId}","specifications":{"Response":{"specId":37,"type":"Response","adapterType":null,"specType":"JOLT","status":"Active","specification":"[\n  {\n    \"operation\": \"shift\",\n    \"spec\": {\n      \"id\": \"id\",\n      \"board\": {\n        \"id\": \"fields.&1\"\n      },\n      \"lane\": {\n        \"id\": \"fields.&1\"\n      },\n      \"updatedBy\": {\n        \"id\": \"fields.&1\"\n      },\n      \"createdBy\": {\n        \"emailAddress\": \"fields.&1\"\n      },\n      \"updatedBy\": {\n        \"emailAddress\": \"fields.&1\"\n      },\n      \"blockedStatus\": {\n        \"isBlocked\": \"fields.&\",\n        \"reason\": \"fields.blocked-&\",\n        \"date\": \"fields.blocked-&\"\n      },\n      \"*\": \"fields.&\"\n    }\n  }, {\n    \"operation\": \"modify-overwrite-beta\",\n    \"spec\": {\n      \"id\": \"=toString\"\n    }\n},\n\n  {\n    \"operation\": \"modify-default-beta\",\n    \"spec\": {\n      \"fields?\": {\n        \"id\": \"@(2,id)\"\n      }\n    }\n }\n]\n","samplePayload":"{\n    \"actualFinish\": null,\n    \"actualStart\": null,\n    \"plannedStart\": null,\n    \"plannedFinish\": null,\n    \"archivedOn\": null,\n    \"blockedStatus\": {\n        \"reason\": null,\n        \"date\": null,\n        \"isBlocked\": false\n    },\n    \"createdBy\": {\n        \"id\": \"1551294979\",\n        \"emailAddress\": \"sbhaskara@connectall.com\",\n        \"fullName\": \"Sharath Bhaskara\",\n        \"avatar\": \"https://sbhaskara-ca.leankit.com/avatar/show/1551294979/?s=25\"\n    },\n    \"updatedBy\": {\n        \"id\": \"1551294979\",\n        \"emailAddress\": \"sbhaskara@connectall.com\",\n        \"fullName\": \"Sharath Bhaskara\",\n        \"avatar\": \"https://sbhaskara-ca.leankit.com/avatar/show/1551294979/?s=25\"\n    },\n    \"movedBy\": null,\n    \"archivedBy\": null,\n    \"board\": {\n        \"id\": \"1551614578\",\n        \"title\": \"Welcome To LeanKit\",\n        \"version\": \"42\",\n        \"isArchived\": false\n    },\n    \"customIcon\": null,\n    \"customIconLabel\": \"Class of Service\",\n    \"color\": \"#FFFFFF\",\n    \"iconPath\": null,\n    \"createdOn\": \"2021-04-06T19:09:14Z\",\n    \"description\": null,\n    \"customId\": {\n        \"value\": null,\n        \"prefix\": null,\n        \"url\": null\n    },\n    \"externalLinks\": [],\n    \"id\": \"1552793968\",\n    \"index\": 2,\n    \"lane\": {\n        \"cardLimit\": 0,\n        \"description\": null,\n        \"id\": \"1551614593\",\n        \"index\": 0,\n        \"laneClassType\": \"backlog\",\n        \"laneType\": \"ready\",\n        \"orientation\": \"vertical\",\n        \"title\": \"New Requests\",\n        \"taskBoard\": null\n    },\n    \"updatedOn\": \"2021-04-06T19:16:42Z\",\n    \"movedOn\": \"2021-04-06T19:09:14Z\",\n    \"priority\": \"normal\",\n    \"size\": 0,\n    \"tags\": [],\n    \"title\": \"updated card title in Postman\",\n    \"version\": \"2\",\n    \"type\": {\n        \"id\": \"1551614582\",\n        \"title\": \"LeanKit Information\",\n        \"cardColor\": \"#FFFFFF\"\n    },\n    \"taskBoardStats\": null,\n    \"subscriptionId\": null,\n    \"commentsCount\": 0,\n    \"childCommentsCount\": 0,\n    \"assignedUsers\": [],\n    \"attachments\": [],\n    \"comments\": [],\n    \"parentCards\": [],\n    \"customFields\": [],\n    \"connectedCardStats\": null\n}","statusCode":2,"contentAvailable":true},"Request":{"specId":38,"type":"Request","adapterType":null,"specType":"JOLT","status":"Active","specification":"[\n  {\n    \"operation\": \"shift\",\n    \"spec\": {\n      \"fields\": {\n        // loop thru all the ratings\n        \"*\": {\n          // \"$\" is actually \"$(0)\" means grab the key 0 levels up the tree\n          //   and use that as the output.\n          // \"ratingNames[]\" means send the ouput to a ratingNames array,\n          //   even if there is only one output\n          \"$\": \"[#2].path\",\n          \"@\": \"[#2].value\"\n        }\n      }\n    }\n  },\n  {\n    \"operation\": \"modify-overwrite-beta\",\n    \"spec\": {\n      \"*\": {\n        \"path\": \"=concat('/',@(1,path))\"\n      }\n    }\n  }\n  ,\n  {\n    \"operation\": \"default\",\n    \"spec\": {\n      \"*\": {\n        \"op\": \"replace\"\n      }\n    }\n  }\n]\n","samplePayload":"{\n  \"id\": \"TP-4\",\n  \"fields\": {\n    \"summary\": \"Test for API creation 2\",\n    \"description\": \"Test for API creation 2\",\n    \"assignee\": \"admin\",\n    \"priority\": \"1\",\n    \"reporter\": \"admin\"\n  }\n}","statusCode":2,"contentAvailable":true}}}},"default":false},{"schemeId":11,"schemeName":"TaskCards","adapterType":"planview","group":null,"active":false,"adapterMetadataList":[{"metadataId":19,"metadataKey":"entityType","metadataValue":"taskCard"}],"requestHeaders":[],"restTemplates":{"CREATE_RECORD":{"templateId":22,"operation":"CREATE_RECORD","httpVerb":"PUT","restUrl":"/io/card/${parentId}/taskCards","specifications":{}},"QUERY_MODIFIED_RECORDS":{"templateId":24,"operation":"QUERY_MODIFIED_RECORDS","httpVerb":"GET","restUrl":"/io/card?select=taskCards&type=${type}&since=${last-modified-time}","specifications":{}},"QUERY_RECORD_BY_ID":{"templateId":18,"operation":"QUERY_RECORD_BY_ID","httpVerb":"GET","restUrl":"/io/card/${recordId}","specifications":{"Response":{"specId":41,"type":"Response","adapterType":null,"specType":null,"status":"Draft","specification":null,"samplePayload":null,"statusCode":0,"contentAvailable":false},"Request":{"specId":42,"type":"Request","adapterType":null,"specType":null,"status":"Draft","specification":null,"samplePayload":null,"statusCode":0,"contentAvailable":false}}},"UPDATE_RECORD":{"templateId":23,"operation":"UPDATE_RECORD","httpVerb":"POST","restUrl":"/io/card/${recordId}","specifications":{}}},"default":false}]