{"version":null,"displayName":"Leankit Planview","type":"planview","logo":"planview-leankit-logo.png","logoSmall":"planview-leankit-icon.jpg","metadata":[{"name":"type","dependent":false,"dependentMetadata":null,"values":[{"id":"1551614584","name":"Defect","attributeName":null,"referenceType":null,"dependents":null,"regex":false},{"id":"1551614583","name":"Documentation","attributeName":null,"referenceType":null,"dependents":null,"regex":false},{"id":"1551614581","name":"Improvement","attributeName":null,"referenceType":null,"dependents":null,"regex":false},{"id":"1551614580","name":"New Feature","attributeName":null,"referenceType":null,"dependents":null,"regex":false},{"id":"1551614586","name":"Risk / Issue","attributeName":null,"referenceType":null,"dependents":null,"regex":false},{"id":"1551614585","name":"Subtask","attributeName":null,"referenceType":null,"dependents":null,"regex":false}]},{"name":"board","dependent":false,"dependentMetadata":null,"values":[{"id":"1551614578","name":"Welcome Board","attributeName":null,"referenceType":null,"dependents":null,"regex":false}]},{"name":"entityType","dependent":false,"dependentMetadata":null,"values":[{"id":"card","name":"Cards","attributeName":null,"referenceType":null,"dependents":null,"regex":false},{"id":"taskCard","name":"Task Cards","attributeName":null,"referenceType":null,"dependents":null,"regex":false}]}],"fields":[{"id":"cardType","name":"Card Type","datatype":"String","values":[{"id":"1551614584","name":"Defect","attributeName":null,"referenceType":null,"dependents":null,"regex":false},{"id":"1551614583","name":"Documentation","attributeName":null,"referenceType":null,"dependents":null,"regex":false},{"id":"1551614581","name":"Improvement","attributeName":null,"referenceType":null,"dependents":null,"regex":false},{"id":"1551614580","name":"New Feature","attributeName":null,"referenceType":null,"dependents":null,"regex":false},{"id":"1551614586","name":"Risk / Issue","attributeName":null,"referenceType":null,"dependents":null,"regex":false},{"id":"1551614585","name":"Subtask","attributeName":null,"referenceType":null,"dependents":null,"regex":false}]},{"id":"id","name":"Id","datatype":"String","values":null},{"id":"updatedOn","name":"Updated On","datatype":"Datetime","values":null},{"id":"title","name":"Title","datatype":"String","values":null},{"id":"actualFinish","name":"Actual Finish","datatype":"Datetime","values":null},{"id":"actualStart","name":"Actual Start","datatype":"Datetime","values":null},{"id":"plannedStart","name":"Planned Start","datatype":"Datetime","values":null},{"id":"plannedFinish","name":"Planned Finish","datatype":"Datetime","values":null},{"id":"isBlocked","name":"Is Blocked","datatype":"String","values":null},{"id":"blocked-reason","name":"Blocked Reason","datatype":"String","values":null},{"id":"blocked-date","name":"Blocked Date","datatype":"Datetime","values":null},{"id":"createdBy","name":"Created By","datatype":"String","values":null},{"id":"updatedBy","name":"Updated By","datatype":"String","values":null},{"id":"board","name":"Board","datatype":"String","values":null},{"id":"createdOn","name":"Created On","datatype":"Datetime","values":null},{"id":"description","name":"Description","datatype":"PlainText","values":null},{"id":"index","name":"Index","datatype":"Number","values":null},{"id":"lane","name":"Lane","datatype":"String","values":null},{"id":"type","name":"Type","datatype":"String","values":null},{"id":"priority","name":"Priority","datatype":"String","values":[{"id":"normal","name":"Normal","attributeName":null,"referenceType":null,"dependents":null,"regex":false}]}],"loginOptions":[],"idFieldName":"id","titleFieldName":"title","projectFieldName":"board","artifactFieldName":"type","testStepsFieldName":null,"changedDateFieldName":"updatedOn","dateFormat":"yyyy-MM-dd","dateTimeFormat":"yyyy-MM-dd'T'HH:mm:ss'Z'","queryDateFormat":"yyyy-MM-dd'T'HH:mm:ss'Z'","iso8601DateFormat":false,"commentFieldName":null,"commentFieldId":null,"attachmentFieldName":null,"attachmentFieldId":null,"apiVersion":null,"callBackUrlConfigured":false,"callBackUrls":null,"apiProvider":"ExternalApplication","applicationType":null,"urlDescription":"Leankit URL : https://connectall.leankit.com","userNameDescription":"login email","passwordDescription":"login password when using basic auth","paginationSupported":false,"paginationAttributes":null,"status":"Active","active":true,"syncModel":"ReadWrite"}